{"text": "basketball", "transform_params": [[9.691017366521398e-05, 0.00010526818805093551, -3.985300550246709e-05, 0.00010152770528250356, -6.776133511721198e-05, 5.722627273571821e-05], [0.0004010286987734932, 0.0004814174612086026, -0.0009423515240731391, 0.0007539158279189807, 0.0006237128520770901, 2.2807445235524834e-05], [-0.0019060906250620234, -0.01157472788594612, -0.0005871088537640765, 0.0074209758140487084, -0.04478743090731804, 0.015163253372983507], [0.0025486052900024645, 0.013428923512233843, 0.01569810846226368, 0.021458960428838686, 0.05904811206262229, -0.008744959665196771], [-0.009582359387741754, -0.010128737698342877, 0.15214359596043192, 0.07587193625339886, -0.08362278484873327, -0.014482162354783511], [0.014179611534816155, 0.06599680221663891, 0.0634513659856068, 0.0016520361091671497, 0.027245191218585613, 0.006113696125772253], [0.008108760669325376, 0.10224852974444942, -0.0003326187643961793, -0.0040529317425424555, -0.02367553007411415, 0.03401070635139413]], "grasp_xyz": [-0.01454573297514683, 0.5848570256333371, 0.039249076982863756], "subgoals_xyz": [[-0.01454573297514683, 0.5848570256333371, 0.039249076982863756], [-0.01448495150169164, 0.5849574726829306, 0.039267614885790156], [-0.01407276965013986, 0.585408782100331, 0.03877529573898348], [-0.02656665782436876, 0.5732574282078376, 0.04146303014207154], [-0.016519533788353694, 0.5858492951125431, 0.07065603255912262], [-0.023489590703358914, 0.5689263235666736, 0.2661014454397284], [-0.00552866499320237, 0.634327450381668, 0.33112796185500415], [-0.02681777688954204, 0.7373550000430544, 0.32748976595873436]]}