{"text": "door open", "transform_params": [[0.00042782065697747094, -0.00011155733309221175, -0.0007362524773439314, 6.967753155769303e-05, -0.0016276773214804246, 0.00038326218333689747], [-0.09434004782792452, -0.0187568646002681, -0.03184713066605375, -0.03837325464171301, 0.07918346493729754, -0.027528652006578225], [-0.15275285581609138, -0.04623662208863307, -0.051619454412530796, 3.2103226110531113, 3.1505163309335185, 2.9996712488832817], [-0.29817018246611887, -0.19281394816394928, 0.1119992670793187, -0.08881382165403236, 0.05475252197842897, -0.027055021744703638], [-0.08348424142152192, -0.010884172869042955, 0.014543971462992803, 3.1037037330888064, -3.08164404977474, 3.077020715623901], [-0.1160702374495411, 0.014663059279524734, -0.04938045387516743, -0.06275055962446682, 0.03975673748940385, -0.0013640764596992332], [-0.029538801550444027, -0.009970389033878311, 0.0767573654264575, -0.03934043770058101, -0.05330418216716969, -0.02526230180094741]], "grasp_xyz": [0.3444182564056054, 0.7508388554683372, 0.16820893953618765], "subgoals_xyz": [[0.3444182564056054, 0.7508388554683372, 0.16820893953618765], [0.3442840380214306, 0.7508474842598067, 0.168084922723083], [0.28263327595729, 0.7271051819519384, 0.0783204932972951], [0.22917043478307225, 0.6263630486187218, 0.07660650642343703], [-0.04831580148407735, 0.4302674058700973, 0.1197920996314651], [-0.11107578390278333, 0.42577696012771393, 0.11642805302061462], [-0.22185023309830582, 0.44732360700893764, 0.04440005601050928], [-0.24208566210491342, 0.44376673467303995, 0.092046411361614]]}