{"text": "shelf place", "transform_params": [[0.0006288489921333852, 0.0005678085508796941, -0.0006221376496435568, 0.00023441605973383852, 0.0004309537490616167, -0.00032816931893445123], [-0.00591057036535316, -0.005024725562259639, 0.003311633112063095, -0.00019831047437752282, 1.816067862937271e-05, 2.269320059274937e-05], [-0.007583581933925874, 0.005725285600833474, 0.06275078638813424, 0.023906354195215224, -0.04489366754729751, 0.03876661904881351], [0.009015401046166304, 0.003210055897011336, 0.09430199249042, 0.03967457780259817, -0.053048722700968914, 0.012060550413978782], [0.024805152872800905, 0.06681126911592307, 0.03896936192518567, 0.03530856085965356, -0.024936183080126146, 0.018386310395091456], [-0.04378271810819719, 0.09851761814555829, 0.03223039285854903, -0.02004729834775652, 0.008133155322580698, -0.0166312966784696], [0.04520281630121383, 0.10461120765054062, 0.02120046666240102, -0.027855601684673333, -0.06740957206510677, 0.005334012412505237]], "grasp_xyz": [-0.006982127618029965, 0.5808274628537318, 0.025450140461531406], "subgoals_xyz": [[-0.006982127618029965, 0.5808274628537318, 0.025450140461531406], [-0.006151700036673562, 0.5813915488828106, 0.02496708239284477], [-0.012075010615307063, 0.5763716233930047, 0.028163530963112263], [-0.04321717858654896, 0.5803957994221062, 0.10309041881519734], [-0.04659396955631581, 0.5786085082909569, 0.21750451619488187], [-0.0378241974240532, 0.6364798734445953, 0.27523671928647575], [-0.06877726790132695, 0.7409321423429366, 0.29485446341435156], [-0.04722138115400211, 0.852935851470334, 0.28974823133187033]]}