{"text": "hammer", "transform_params": [[0.07117684439319463, -0.027740219073093316, 0.08731613785053907, -0.0270875726893816, -0.007202092669636967, 0.010123257019898933], [-0.0013609959225051418, 0.0005056392356616512, -0.001175816978937231, -0.00033753395919925913, 0.0005987020374336526, 0.0006248531299181804], [-0.0033034672913609983, 0.0018485022621058105, -0.004100733860918797, -0.017190448815830976, -0.018713553403642703, 0.002124116238623824], [-0.03597861435591846, 0.06135365405993863, -0.0633973290908582, -3.1081346775846384, 3.1383164081805672, -3.166615889330752], [0.12858189657348665, -0.017409859101760652, 0.11395885035284539, -0.025008689900330283, -0.0036192011804863553, 0.01472515555573514], [0.031494087690332316, 0.11207943976666558, 0.030833889308498758, -0.0017943587452192886, -0.016570361822451682, -0.025804057486973776], [-0.17361386732927286, 0.20546451074029284, -0.10969279292528984, 0.08082850058340535, 0.06435981111734895, -0.08527632979049289]], "grasp_xyz": [-0.058885277837588124, 0.4057997891578613, 0.015157121287448401], "subgoals_xyz": [[-0.058885277837588124, 0.4057997891578613, 0.015157121287448401], [0.008079110021678396, 0.37769225851976757, 0.09103973589452291], [0.006536614613892824, 0.3782335781750246, 0.08973171609003419], [0.0007496159971703649, 0.38158325150894, 0.07920737254209462], [-0.025422334763855782, 0.4399367264003385, 0.028491570781641662], [0.09658150770542404, 0.42267697252891806, 0.13133537715945406], [0.1367580862595142, 0.5323619312058095, 0.16317779746227046], [0.018108987767527396, 0.7103453618284655, 0.08286022984297302]]}