{"text": "assembly", "transform_params": [[-0.0013442867518402431, 0.0010146952728247065, -0.0031554718325691533, 0.001049444091128545, -0.0022678683376015562, 0.0004234349991284252], [-0.002040056732558801, 0.0014426938668464712, -0.001030642088890199, -0.0016297188674611238, -0.0004734259384823568, -9.695929830842666e-05], [-0.006992766082636766, 0.003850281065134087, -0.008404045364688485, 0.0035099783163389147, -0.009671837068109975, -0.00450703122200333], [-0.061324923562376885, 0.06871426207721217, -0.07606754223685752, 0.04150683963983739, -0.07413630035559483, 0.013113873655492238], [0.04876005519945427, -0.002438648318762595, 0.11594917820230059, 0.07100532994122047, 0.014297704743177363, -0.0007541373318991681], [0.03643211552044039, 0.07012556941396117, 0.006491112643657593, 0.009106365647081338, -0.013447017339957198, -0.033141453657298904], [-0.08523406038193314, 0.06124649142505774, -0.11429968819675458, -0.04602460368787886, -0.0005360421799900704, -0.018160914489463376]], "grasp_xyz": [0.13137271260953032, 0.5939308750761747, 0.030657511371849834], "subgoals_xyz": [[0.13137271260953032, 0.5939308750761747, 0.030657511371849834], [0.12970705863558957, 0.5949683324945326, 0.028422664494647858], [0.12771121843694655, 0.5964440782101347, 0.026483805200746554], [0.12314309620195787, 0.599611654697285, 0.021430979687684343], [0.052040592916047596, 0.6681303017711636, -0.02123765519890919], [0.10099548530422706, 0.6655286123964583, 0.14141601759397035], [0.15751200356546669, 0.7306120444803748, 0.15556890766249304], [0.0854364061669684, 0.7952688081337507, 0.00771877868381976]]}